{"Training Loss": [6.801088794708252, 6.562381465911865, 6.573538471221924, 6.573125436782837, 6.519411067962647, 6.585286930084228, 6.525679498672486, 6.5569127101898195, 6.554137500762939, 6.530429309844971], "Validation Loss": [8.725521620283736, 8.956450844487398, 8.703995437486798, 8.668487484573474, 8.642073073285692, 8.751281925972473, 8.710448344548542, 8.734584160730352, 8.701886425627041, 8.647644293223713]}