{"Training Loss": [6.7915032119750975, 6.5595614566802976, 6.564713890075684, 6.566049865722656, 6.521015264511108, 6.562187683105469, 6.534441179275513, 6.568807010650635, 6.535972267150879, 6.515224060058594], "Validation Loss": [8.73995723284728, 8.75444609391774, 8.647822200829257, 8.720655510611572, 8.649905570009924, 8.703796185500233, 8.63906297108806, 8.622528656154659, 8.641161752930767, 8.615765561448764]}